"""id""";"""codeW""";"""wilaya""";"""codeC""";"""baladiya"""
1;;«ќ — жб«н…;;≈ќ — »бѕн…
2;01;√ѕ—«—;0101;√ѕ—«—
3;01;√ѕ—«—;0102; «г” 
4;01;√ѕ—«—;0103;‘—жнд
5;01;√ѕ—«—;0104;—ё«д
6;01;√ѕ—«—;0105;≈д “џгн—
7;01;√ѕ—«—;0106; н 
8;01;√ѕ—«—;0107;ё’— ёѕж—
9;01;√ѕ—«—;0108; ”«»н 
10;01;√ѕ—«—;0109; нгнгжд
11;01;√ѕ—«—;0110;√жб«ѕ«б”Џнѕ
12;01;√ѕ—«—;0111;“«жн… яд …
13;01;√ѕ—«—;0112;√жбЁ
14;01;√ѕ—«—;0113; нгё д
15;01;√ѕ—«—;0114; «гдЎнЎ
16;01;√ѕ—«—;0115;Ёджџнб
17;01;√ѕ—«—;0116; нд—яжя
18;01;√ѕ—«—;0117;ѕбѕжб
19;01;√ѕ—«—;0118;”«бн
20;01;√ѕ—«—;0119;√ё»бн
21;01;√ѕ—«—;0120;«бгЎ«—Ё…
22;01;√ѕ—«—;0121;√жб«ѕ √Ќгѕ  нгн
23;01;√ѕ—«—;0122;»жѕ…
24;01;√ѕ—«—;0123;√жё—ж 
25;01;√ѕ—«—;0124;Ў«бгнд
26;01;√ѕ—«—;0125;»—ћ »«ћн гќ «—
27;01;√ѕ—«—;0126;«б”»Џ
28;01;√ѕ—«—;0127;√жб«ѕ Џн”м
29;01;√ѕ—«—;0128; нгн«жнд
30;02;«б‘бЁ;0201;«б‘бЁ
31;02;«б‘бЁ;0202; д”
32;02;«б‘бЁ;0203;»д«н—н…
33;02;«б‘бЁ;0204;«бя—нгн…
34;02;«б‘бЁ;0205; «ћд…
35;02;«б‘бЁ;0206; «жё—н 
36;02;«б‘бЁ;0207;»дн Ќж« 
37;02;«б‘бЁ;0208;’»Ќ…
38;02;«б‘бЁ;0209;Ќ—‘жд
39;02;«б‘бЁ;0210;√жб«ѕ Ё«—”
40;02;«б‘бЁ;0211;”нѕн Џя«‘…
41;02;«б‘бЁ;0212;»жё«ѕн—
42;02;«б‘бЁ;0213;»дн —«‘ѕ
43;02;«б‘бЁ;0214; бЏ’…
44;02;«б‘бЁ;0215;«бе—д«Ё…
45;02;«б‘бЁ;0216;ж«ѕн ёж”нд
46;02;«б‘бЁ;0217;«бўе—…
47;02;«б‘бЁ;0218;√жб«ѕ Џ»«”
48;02;«б‘бЁ;0219;«б”дћ«”
49;02;«б‘бЁ;0220;«б“»жћ…
50;02;«б‘бЁ;0221;ж«ѕн ”бн
51;02;«б‘бЁ;0222;√»ж «бЌ”д
52;02;«б‘бЁ;0223;«бг—”м
53;02;«б‘бЁ;0224;«б‘Ўн…
54;02;«б‘бЁ;0225;”нѕн Џ»ѕ «б—Ќгд
55;02;«б‘бЁ;0226;г’ѕё
56;02;«б‘бЁ;0227;«бЌћ«ћ
57;02;«б‘бЁ;0228;«б«»н÷ гћ«ћ…
58;02;«б‘бЁ;0229;ж«ѕн «бЁ÷…
59;02;«б‘бЁ;0230;√жб«ѕ »д Џ»ѕ «бё«ѕ—
60;02;«б‘бЁ;0231;»ж“џ«н…
61;02;«б‘бЁ;0232;Џнд г—«д
62;02;«б‘бЁ;0233;√г «бѕ—жЏ
63;02;«б‘бЁ;0234;»—н—…
64;02;«б‘бЁ;0235;»дн »жЏ «»
65;03;«б«џж«Ў;0301;«б«џж«Ў
66;03;«б«џж«Ў;0302;ё’— «бЌн—«д
67;03;«б«џж«Ў;0303;»д«’— »д ‘е—…
68;03;«б«џж«Ў;0304;”нѕн гќбжЁ
69;03;«б«џж«Ў;0305;Ќ«”н ѕб«Џ…
70;03;«б«џж«Ў;0306;Ќ«”н «б—гб
71;03;«б«џж«Ў;0307;Џнд г«÷н
72;03;«б«џж«Ў;0308; «ћгж 
73;03;«б«џж«Ў;0309;«бќдё
74;03;«б«џж«Ў;0310;ёб … ”нѕн ”Џѕ
75;03;«б«џж«Ў;0311;Џнд ”нѕн Џбн
76;03;«б«џж«Ў;0312;«б»н÷«Ѕ
77;03;«б«џж«Ў;0313;»—нѕ…
78;03;«б«џж«Ў;0314;«бџн‘…
79;03;«б«џж«Ў;0315;«бЌ«ћ «бг‘—н
80;03;«б«џж«Ў;0316;”»ё«ё
81;03;«б«џж«Ў;0317; «жн«б…
82;03;«б«џж«Ў;0318; «ћ—жд…
83;03;«б«џж«Ў;0319;«Ёбж
84;03;«б«џж«Ў;0320;«бЏ”«Ён…
85;03;«б«џж«Ў;0321;ж«ѕ г—…
86;03;«б«џж«Ў;0322;ж«ѕ г“н
87;03;«б«џж«Ў;0323;«бЌжнЎ…
88;03;«б«џж«Ў;0324;”нѕн »ж“нѕ
89;03;«б«џж«Ў;0386;гќбнЁ б“—ё
90;03;«б«џж«Ў;0387;«б«џж«Ў «б«—»«Џ
91;03;«б«џж«Ў;0388;«жб«ѕ ”нѕн ЏЎ« «ббе
92;03;«б«џж«Ў;0389;гќбнЁ «бћ—»
93;03;«б«џж«Ў;0390;«жб«ѕ ’«бЌ
94;03;«б«џж«Ў;0391;«жб«ѕ Џбн
95;03;«б«џж«Ў;0392;«жб«ѕ »д ‘«Џ…
96;03;«б«џж«Ў;0393;«жб«ѕ –н«»
97;03;«б«џж«Ў;0394;гЏ«г—…
98;03;«б«џж«Ў;0395;«жб«ѕ “н«д
99;03;«б«џж«Ў;0396;«жб«ѕ ”нѕн ”бнг«д
100;03;«б«џж«Ў;0397;Џ»«»ѕ… ’Ё—«д
101;03;«б«џж«Ў;0398;”я«”я…
102;03;«б«џж«Ў;0399;Ќћ«ћ
103;04;√г «б»ж«ён;0401;√г «б»ж«ён
104;04;√г «б»ж«ён;0402;Џнд «б»н÷« 
105;04;√г «б»ж«ён;0403;Џнд гбнб…
106;04;√г «б»ж«ён;0404;»Ќн— «б‘ён
107;04;√г «б»ж«ён;0405;«бЏ«г—н…
108;04;√г «б»ж«ён;0406;”нёж”
109;04;√г «б»ж«ён;0407;«б»б«б…
110;04;√г «б»ж«ён;0408;Џнд »«»ж‘
111;04;√г «б»ж«ён;0409;»—н‘
112;04;√г «б»ж«ён;0410;√жб«ѕ Ќгб…
113;04;√г «б»ж«ён;0411;«б÷бЏ…
114;04;√г «б»ж«ён;0412;Џнд я—‘…
115;04;√г «б»ж«ён;0413;ед‘н—  жгџ«дн
116;04;√г «б»ж«ён;0414;«бћ«“н…
117;04;√г «б»ж«ён;0415;Џнд «бѕн”
118;04;√г «б»ж«ён;0416;Ёян—нд…
119;04;√г «б»ж«ён;0417;”жё дЏг«д
120;04;√г «б»ж«ён;0418;«б“—ё
121;04;√г «б»ж«ён;0419;«бЁћжћ »жџ—«—… ”Џжѕн
122;04;√г «б»ж«ён;0420;√жб«ѕ “«жн
123;04;√г «б»ж«ён;0421;»∆— «б‘еѕ« 
124;04;√г «б»ж«ён;0422;ё’— «б’»«Ќн
125;04;√г «б»ж«ён;0423;ж«ѕн дндн
126;04;√г «б»ж«ён;0424;г”ян«д…
127;04;√г «б»ж«ён;0425;Џнд Ёя—жд
128;04;√г «б»ж«ён;0426;«б—«Ќн…
129;04;√г «б»ж«ён;0427;Џнд «б“н жд
130;04;√г «б»ж«ён;0428;√жб«ѕ ё«”г
131;04;√г «б»ж«ён;0429;«бЌ—гбн…
132;05;»« д…;0501;»« д…
133;05;»« д…;0502;џ”н—…
134;05;»« д…;0503;гЏ«Ё…
135;05;»« д…;0504;г—ж«д…
136;05;»« д…;0505;”—н«д…
137;05;»« д…;0506;гдЏ…
138;05;»« д…;0507;«бгЏ–—
139;05;»« д…;0508; «“жб 
140;05;»« д…;0509;дё«ж”
141;05;»« д…;0510;ёнё»…
142;05;»« д…;0511;≈нджџн”д
143;05;»« д…;0512;Џнжд «бЏ’«Ён—
144;05;»« д…;0513;ћ—г…
145;05;»« д…;0514;»нЎ«г
146;05;»« д…;0515;«бг яжя
147;05;»« д…;0516;√—н”
148;05;»« д…;0517;янгб
149;05;»« д…;0518; нб«Ўж
150;05;»« д…;0519;Џнд ћ«”—
151;05;»« д…;0520;√жб«ѕ ”«бг
152;05;»« д…;0521; џ—џ«—
153;05;»« д…;0522;Џнд н«ёж 
154;05;»« д…;0523;Ё”ѕн”
155;05;»« д…;0524;”Ён«д
156;05;»« д…;0525;«б—Ќ»« 
157;05;»« д…;0526; џ«дгнд
158;05;»« д…;0527;бг”«д
159;05;»« д…;0528;ё’— »б“г…
160;05;»« д…;0529;”ё«д…
161;05;»« д…;0530;√‘гжб
162;05;»« д…;0531;Ёг «бЎж»
163;05;»« д…;0532;»дн Ё÷«б… «бЌё«дн…
164;05;»« д…;0533;ж«ѕн «бг« 
165;05;»« д…;0534; «бџг 
166;05;»« д…;0535;»ж“нд…
167;05;»« д…;0536;‘г—…
168;05;»« д…;0537;ж«ѕн «б‘Џ»…
169;05;»« д…;0538; «я”б«д…
170;05;»« д…;0539;«бё’»« 
171;05;»« д…;0540;√жб«ѕ ЏжЁ
172;05;»« д…;0541;»жгё—
173;05;»« д…;0542;»—ня…
174;05;»« д…;0543;«бћ“«—
175;05;»« д…;0544; яж 
176;05;»« д…;0545;Џнд «б ж …
177;05;»« д…;0546;Ќнѕж”…
178;05;»« д…;0547;Ћдн… «бЏ«»ѕ
179;05;»« д…;0548;ж«ѕн «бЎ«ё…
180;05;»« д…;0549;√жб«ѕ Ё«÷б
181;05;»« д…;0550; нгё«ѕ
182;05;»« д…;0551;—√” «бЏнжд
183;05;»« д…;0552;«бдж«ѕ—
184;05;»« д…;0553;√жб«ѕ ”н ”бнг«д
185;05;»« д…;0554;“«д… «б»н÷« 
186;05;»« д…;0555;гѕжя«б
187;05;»« д…;0556;√жб«ѕ Џг«—
188;05;»« д…;0557;«бЌ«”н
189;05;»« д…;0558;б«“—ж
190;05;»« д…;0559;»жгн…
191;05;»« д…;0560;»ж«бЌнб« 
192;05;»« д…;0561;б—»«Џ
193;06;»ћ«н…;0601;»ћ«н…
194;06;»ћ«н…;0602;√гн“ж—
195;06;»ћ«н…;0603;Ё—Џжд
196;06;»ћ«н…;0604; «ж—н—  ≈џнб
197;06;»ћ«н…;0605;‘б«Ў…
198;06;»ћ«н…;0606; «гё—…
199;06;»ћ«н…;0607; нг“—н 
200;06;»ћ«н…;0608;”жё «б«Ћднд
201;06;»ћ«н…;0609;”нѕн «б”Џнѕ
202;06;»ћ«н…;0610; нд»–«—
203;06;»ћ«н…;0611; н‘н
204;06;»ћ«н…;0612;”гЏжд
205;06;»ћ«н…;0613;ядѕн—…
206;06;»ћ«н…;0614; нЁ—…
207;06;»ћ«н…;0615;≈џ—г
208;06;»ћ«н…;0616;¬г«бж
209;06;»ћ«н…;0617;≈џнб Џбн
210;06;»ћ«н…;0618;Ёб«нд «бг«Ћд
211;06;»ћ«н…;0619; жћ…
212;06;»ћ«н…;0620;ѕ—ёнд…
213;06;»ћ«н…;0621;”нѕн Џн«ѕ
214;06;»ћ«н…;0622;√жё«”
215;06;»ћ«н…;0623;»дн ћбнб
216;06;»ћ«н…;0624;√ѕя«—
217;06;»ћ«н…;0625;√ё»ж
218;06;»ћ«н…;0626;’ѕжё
219;06;»ћ«н…;0627; “г«б 
220;06;»ћ«н…;0628;¬н  —“нд
221;06;»ћ«н…;0629;‘гндн
222;06;»ћ«н…;0630;«б”жё √жЁб«
223;06;»ћ«н…;0631; «”я—нж 
224;06;»ћ«н…;0632;Ўн»«д
225;06;»ћ«н…;0633; «б… Ќг“…
226;06;»ћ«н…;0634;»—»«‘…
227;06;»ћ«н…;0635;»дн я”нб…
228;06;»ћ«н…;0636;√ж“б«ёд
229;06;»ћ«н…;0637;»жЌг“…
230;06;»ћ«н…;0638;»дн гбня‘
231;06;»ћ«н…;0639;”нѕн Џн‘
232;06;»ћ«н…;0640;«бё’—
233;06;»ћ«н…;0641;г«б»ж
234;06;»ћ«н…;0642;√яЁ«ѕж
235;06;»ћ«н…;0643;бЁб«н
236;06;»ћ«н…;0644;ќ—«Ў…
237;06;»ћ«н…;0645;–—«Џ «бё«нѕ
238;06;»ћ«н…;0646; «г—нћ 
239;06;»ћ«н…;0647;¬н  ≈”г«Џнб
240;06;»ћ«н…;0648;»жќбнЁ…
241;06;»ћ«н…;0649; н“н »—»—
242;06;»ћ«н…;0650;»дн гЏж‘
243;06;»ћ«н…;0651;ж«ѕн џн—
244;06;»ћ«н…;0652;»жћбнб
245;07;»”я—…;0701;»”я—…
246;07;»”я—…;0702;√жг«‘
247;07;»”я—…;0703;«б»—«д”
248;07;»”я—…;0704;‘ г…
249;07;»”я—…;0705;√жб«ѕ ћб«б
250;07;»”я—…;0706;—√” «бгнЏ«ѕ
251;07;»”я—…;0707;«жб«ѕ Ќ—я« 
252;07;»”я—…;0708;”нѕн ќ«бѕ
253;07;»”я—…;0709;«бѕж”д
254;07;»”я—…;0710;«б‘Џн»…
255;07;»”я—…;0711;”нѕн Џё»…
256;07;»”я—…;0712;г‘жд‘
257;07;»”я—…;0713;«бЌж‘
258;07;»”я—…;0714;Џнд «бд«ё…
259;07;»”я—…;0715;“—н»… «бж«ѕн
260;07;»”я—…;0716;«бЁн÷
261;07;»”я—…;0717;«бёдЎ—…
262;07;»”я—…;0718;Џнд “ЏЎжЎ
263;07;»”я—…;0719;«бжЎ«н…
264;07;»”я—…;0720;ћгж—…
265;07;»”я—…;0721;Ўжбё…
266;07;»”я—…;0722;бж« 
267;07;»”я—…;0723;б‘«д…
268;07;»”я—…;0724;√ж—б«б
269;07;»”я—…;0725;гбнбн
270;07;»”я—…;0726;Ёжџ«б…
271;07;»”я—…;0727;»—ћ »д Џ“ж“
272;07;»”я—…;0728;«бг“н—Џ…
273;07;»”я—…;0729;»ж‘ё—жд
274;07;»”я—…;0730;гќ«ѕг…
275;07;»”я—…;0731;«бџ—ж”
276;07;»”я—…;0732;«бЌ«ћ»
277;07;»”я—…;0733;ќдё… ”нѕн д«ћн
278;08;»‘«—;0801;»‘«—
279;08;»‘«—;0802;Џ—ё Ё—«ћ
280;08;»‘«—;0803;√жб«ѕ ќ÷н—
281;08;»‘«—;0804;г—нћ…
282;08;»‘«—;0805; гжѕн
283;08;»‘«—;0806;«б√Ќг—
284;08;»‘«—;0807;»дн Џ»«”
285;08;»‘«—;0808;»дн нќбЁ
286;08;»‘«—;0809;г‘—жЏ еж«—н »жгѕнд
287;08;»‘«—;0810;ёд«ѕ”…
288;08;»‘«—;0811;≈нёбн
289;08;»‘«—;0812; »б»«б…
290;08;»‘«—;0813; «џн 
291;08;»‘«—;0814;«бжЎ« 
292;08;»‘«—;0815;»жё«н”
293;08;»‘«—;0816;гжџб
294;08;»‘«—;0817;«бЏ»«ѕб…
295;08;»‘«—;0818;я—“«“
296;08;»‘«—;0819;ё’«»н
297;08;»‘«—;0820; «г — 
298;08;»‘«—;0821;»дн жднЁ
299;09;«б»бнѕ…;0901;«б»бнѕ…
300;09;«б»бнѕ…;0902;«б‘»бн
301;09;«б»бнѕ…;0903;»жЏнд«д
302;09;«б»бнѕ…;0904;ж«ѕн «бЏб«нё
303;16;«бћ“«∆— «бЏ«’г…;1634; ”«б… «бг—ћ…
304;16;«бћ“«∆— «бЏ«’г…;1635;√жб«ѕ ‘»б
305;09;«б»бнѕ…;0905;√жб«ѕ нЏн‘
306;09;«б»бнѕ…;0906;«б‘—нЏ…
307;16;«бћ“«∆— «бЏ«’г…;1636;»∆—  ж …
308;09;«б»бнѕ…;0907;«бЏЁ—жд
309;09;«б»бнѕ…;0908;«б‘Ё…
310;09;«б»бнѕ…;0909;Ќг«г гбж«д
311;09;«б»бнѕ…;0910;»д ќбнб
312;09;«б»бнѕ…;0911;«б’жгЏ…
313;16;«бћ“«∆— «бЏ«’г…;1637;”нѕн гж”м
314;09;«б»бнѕ…;0912;гж“«н…
315;09;«б»бнѕ…;0913;”жЌ«д
316;09;«б»бнѕ…;0914;гЁ «Ќ
317;09;«б»бнѕ…;0915;√жб«ѕ ”б«г…
318;09;«б»бнѕ…;0916;»жЁ«—ня
319;09;«б»бнѕ…;0917;«б√—»Џ« 
320;09;«б»бнѕ…;0918;ж«ѕн ћ—
321;09;«б»бнѕ…;0919;»дн  «гж
322;09;«б»бнѕ…;0920;»жЏ—Ё…
323;09;«б»бнѕ…;0921;»дн г—«ѕ
324;09;«б»бнѕ…;0922;»жё—…
325;09;«б»бнѕ…;0923;ё—ж«ж
326;09;«б»бнѕ…;0924;Џнд «б—г«д…
327;09;«б»бнѕ…;0925;ћ»«»—…
328;10;«б»жн—…;1001;«б»жн—…
329;10;«б»жн—…;1002;«б√”д«г
330;10;«б»жн—…;1003;ё—жг…
331;10;«б»жн—…;1004;”жё «бќгн”
332;10;«б»жн—…;1005;«бё«ѕ—н…
333;10;«б»жн—…;1006;ЌднЁ
334;10;«б»жн—…;1007;ѕн—…
335;10;«б»жн—…;1008;¬н  бЏ“н“
336;10;«б»жн—…;1009; «џ“ж 
337;10;«б»жн—…;1010;—ж—«ж…
338;10;«б»жн—…;1011;г“ѕж—
339;10;«б»жн—…;1012;«бЌн“—
340;10;«б»жн—…;1013;«б√ќ÷—н…
341;10;«б»жн—…;1014;гЏб…
342;10;«б»жн—…;1015;«бе«‘гн…
343;10;«б»жн—…;1016;Џг—
344;10;«б»жн—…;1017;«б‘—Ё« 
345;10;«б»жн—…;1018;»—ћ √жќ—н’
346;10;«б»жн—…;1019;«бЏћн»…
347;10;«б»жн—…;1020;«бЌ«ягн…
348;10;«б»жн—…;1021;«бќ»ж“н…
349;10;«б»жн—…;1022;√еб «бё’—
350;10;«б»жн—…;1023;»жѕ—»«б…
351;10;«б»жн—…;1024;“»—»—
352;10;«б»жн—…;1025;Џнд «бЌћ—
353;10;«б»жн—…;1026;ћ»«Ќн…
354;10;«б»жн—…;1027;«џ»«бж
355;10;«б»жн—…;1028; «ёѕн 
356;10;«б»жн—…;1029;Џнд «б —я
357;10;«б»жн—…;1030;«б’е«—нћ
358;10;«б»жн—…;1031;«бѕ‘гн…
359;10;«б»жн—…;1032;—нѕ«д
360;10;«б»жн—…;1033;»‘бжб
361;10;«б»жн—…;1034;»жя—г
362;10;«б»жн—…;1035;Џнд »”«г
363;10;«б»жн—…;1036;»∆— џ»«бж
364;10;«б»жн—…;1037;г‘ѕ«бе
365;10;«б»жн—…;1038;”ж— «бџ“б«д
366;10;«б»жн—…;1039;«бгЏгж—…
367;10;«б»жн—…;1040;√жб«ѕ —«‘ѕ
368;10;«б»жн—…;1041;Џнд «бЏбжн
369;10;«б»жн—…;1042;«бЌћ—… «б“—ё«Ѕ
370;10;«б»жн—…;1043; «ж—н— 
371;10;«б»жн—…;1044;«бгё—«дн
372;10;«б»жн—…;1045;ж«ѕн «б»—ѕн
373;11; «гдџ” ;1101; «гдџ” 
374;11; «гдџ” ;1102;√»«бн”«
375;11; «гдџ” ;1103;«д џ«—
376;11; «гдџ” ;1104;«д ё“«г
377;11; «гдџ” ;1105;√ѕб”
378;11; «гдџ” ;1106; «“—жё
379;11; «гдџ” ;1107; нд “ж« нд
380;11; «гдџ” ;1108;«д ’«бЌ
381;11; «гдџ” ;1109;«д «гёб
382;11; «гдџ” ;1110;Ёё—«  «б“«жн…
383;12; »”…;1201; »”…
384;12; »”…;1202;»∆— «бЏ« —
385;12; »”…;1203;«б‘—нЏ…
386;12; »”…;1204;”ЎЌ ёдЎн”
387;12; »”…;1205;«бЏжнд« 
388;12; »”…;1206;«бЌжнћ»« 
389;12; »”…;1207;’Ё’«Ё «бж”—…
390;12; »”…;1208;«бЌг«г« 
391;12; »”…;1209;дё—нд
392;12; »”…;1210;»∆— «бгёѕг
393;12; »”…;1211;«бяжнЁ
394;12; »”…;1212;г—”Ў
395;12; »”…;1213;«бЏёб…
396;12; »”…;1214;»∆—«б–е»
397;12; »”…;1215;«бЏёб… «бг«бЌ…
398;12; »”…;1216;ёж—нё—
399;12; »”…;1217;»я«—н…
400;12; »”…;1218;»жќ÷—…
401;12; »”…;1219;«бжд“…
402;12; »”…;1220;«бг« «б√»н÷
403;12; »”…;1221;«г Џбн
404;12; »”…;1222;Ћбнћ«д
405;12; »”…;1223;Џнд «б“—ё« 
406;12; »”…;1224;«бг—нћ
407;12; »”…;1225;»жбЌ«Ё «бѕнд
408;12; »”…;1226;»ћд
409;12; »”…;1227;«бг“—Џ…
410;12; »”…;1228;Ё—я«д
411;13; бг”«д;1301; бг”«д
412;13; бг”«д;1302;»дн г” —
413;13; бг”«д;1303;Џнд  «бж 
414;13; бг”«д;1304;«б—г‘н
415;13; бг”«д;1305;«бЁЌжб
416;13; бг”«д;1306;’»—…
417;13; бг”«д;1307;«бџ“ж« 
418;13; бг”«д;1308;«б”ж«дн
419;13; бг”«д;1309;ћ»«б…
420;13; бг”«д;1310;«бёж—
421;13; бг”«д;1311;ж«ѕн «б‘жбн
422;13; бг”«д;1312;Џнд Ё“…
423;13; бг”«д;1313;√жб«ѕ гнгжд
424;13; бг”«д;1314;Џгн—
425;13; бг”«д;1315;Џнд нж”Ё
426;13; бг”«д;1316;“д« …
427;13; бг”«д;1317;»дн ”дж”
428;13; бг”«д;1318;»«» «бЏ”…
429;13; бг”«д;1319;ѕ«— нџг—«”д
430;13; бг”«д;1320;Ёб«ж”д
431;13; бг”«д;1321;«бЏ“«нб
432;13; бг”«д;1322;«б”»Џ… ‘нжќ
433;13; бг”«д;1323; н—дн »дн еѕнб
434;13; бг”«д;1324;«»д ”я—«д
435;13; бг”«д;1325;Џнд дЌ«б…
436;13; бг”«д;1326;«бЌд«н…
437;13; бг”«д;1327;гџдн…
438;13; бг”«д;1328;Ќг«г »жџ—«—…
439;13; бг”«д;1329;«б”ж«Ќбн…
440;13; бг”«д;1330;г”н—ѕ… «бЁж«ё…
441;13; бг”«д;1331;Џнд Ё «Ќ
442;13; бг”«д;1332;«бЏ—н‘…
443;13; бг”«д;1333;”жё «бЋб«Ћ« 
444;13; бг”«д;1334;”нѕн Џ»ѕ«ббн
445;13; бг”«д;1335;”»ѕж
446;13; бг”«д;1336;»дн ж«—”ж”
447;13; бг”«д;1337;”нѕн гћ«еѕ
448;13; бг”«д;1338;»дн »ж”Џнѕ
449;13; бг”«д;1339;г—”м »д генѕн
450;13; бг”«д;1340;дѕ—жг…
451;13; бг”«д;1341;”нѕн «бћнб«бн
452;13; бг”«д;1342;»дн »еѕб
453;13; бг”«д;1343;«б»жнен
454;13; бг”«д;1344;Ќднд
455;13; бг”«д;1345; н«д 
456;13; бг”«д;1346;√жб«ѕ —н«Ќ
457;13; бг”«д;1347;»жЌбж
458;13; бг”«д;1348;»дн —«‘ѕ
459;13; бг”«д;1349;Џнд «бџ—«»…
460;13; бг”«д;1350;‘ ж«д
461;13; бг”«д;1351;гд’ж—…
462;13; бг”«д;1352;»дн ’гнб
463;13; бг”«д;1353;«бЏнд «бя»н—…
464;14; н«— ;1401; н«— 
465;14; н«— ;1402;гѕ—ж”…
466;14; н«— ;1403;Џнд »ж‘ёнЁ
467;14; н«— ;1404;”нѕн Џбн гб«б
468;14; н«— ;1405;Џнд “«—н 
469;14; н«— ;1406;Џнд «б–е»
470;14; н«— ;1407;”нѕн »ќ н
471;14; н«— ;1408;гѕн—”…
472;14; н«— ;1409;“г«б… «б√гн— Џ»ѕ «бё
473;14; н«— ;1410;г«ѕд…
474;14; н«— ;1411;«б”» 
475;14; н«— ;1412;гб«яж
476;14; н«— ;1413;ѕЌгждн
477;14; н«— ;1414;—Ќжн…
478;14; н«— ;1415;геѕн…
479;14; н«— ;1416;«б”жё—
480;14; н«— ;1417;”н Џ»ѕ «бџ«дн
481;14; н«— ;1418;Џнд «бЌѕнѕ
482;14; н«— ;1419;ћ»нб  «б—’Ё« 
483;14; н«— ;1420;«бдЏнг…
484;14; н«— ;1421;гџнб…
485;14; н«— ;1422;ё—ЎжЁ…
486;14; н«— ;1423;”нѕн «бЌ”дн
487;14; н«— ;1424;ћнб«бн »д Џг«—
488;14; н«— ;1425;”»Џнд
489;14; н«— ;1426; ж”днд…
490;14; н«— ;1427;Ё—дѕ…
491;14; н«— ;1428;Џнд я—г”
492;14; н«— ;1429;ё’— «б‘б«б…
493;14; н«— ;1430;«б—‘«нё…
494;14; н«— ;1431;«бд«ўж—…
495;14; н«— ;1432; «ёѕг 
496;14; н«— ;1433;ж«ѕн бнбн
497;14; н«— ;1434;г‘—жЏ «б’Ё«
498;14; н«— ;1435;«бЌг«ѕн…
499;14; н«— ;1436;‘Ќнг…
500;14; н«— ;1437; ќг«— 
501;14; н«— ;1438;√жб«ѕ ћ—«ѕ
502;14; н«— ;1439;”—џнд
503;14; н«— ;1440;»жё—…
504;14; н«— ;1441;«бЁ«нћ…
505;14; н«— ;1442; нѕ…
506;15; н“н ж“ж;1501; н“н ж“ж
507;15; н“н ж“ж;1502;Џнд «бЌг«г
508;15; н“н ж“ж;1503;«ё»нб
509;15; н“н ж“ж;1504;Ё—нЌ…
510;15; н“н ж“ж;1505;«б’ж«гЏ
511;15; н“н ж“ж;1506;г‘Ў—«”
512;15; н“н ж“ж;1507;«—ћд
513;15; н“н ж“ж;1508; нгн“«— 
514;15; н“н ж“ж;1509;г«яжѕ…
515;15; н“н ж“ж;1510;–—«Џ «бгн“«д
516;15; н“н ж“ж;1511; н“н џднЁ
517;15; н“н ж“ж;1512;»жджЌ
518;15; н“н ж“ж;1513;¬н  ‘ЁЏ…
519;15; н“н ж“ж;1514;Ё—нё« 
520;15; н“н ж“ж;1515;»дн Џн”м
521;15; н“н ж“ж;1516;»дн “гд“—
522;15; н“н ж“ж;1517;«нЁ—Ќждд
523;15; н“н ж“ж;1518;Џ“«“ё…
524;15; н“н ж“ж;1519;«нбжб… «г«бж
525;15; н“н ж“ж;1520;нЏяж—д
526;15; н“н ж“ж;1521;«б√—»Џ«  д«н  «н—Ћд
527;15; н“н ж“ж;1522; н“н —«‘ѕ
528;15; н“н ж“ж;1523;“я—н
529;15; н“н ж“ж;1524;ж«ёджд
530;15; н“н ж“ж;1525;Џнд «б“«жн…
531;15; н“н ж“ж;1526;гян—…
532;15; н“н ж“ж;1527;¬н  нЌн
533;15; н“н ж“ж;1528;¬н  гЌгжѕ
534;15; н“н ж“ж;1529;«бгЏ« ё…
535;15; н“н ж“ж;1530;¬н  »жгеѕн
536;15; н“н ж“ж;1531;√»н нж”Ё
537;15; н“н ж“ж;1532;»дн ѕж«б…
538;15; н“н ж“ж;1533;√бнб нд
539;15; н“н ж“ж;1534;»ж“џд
540;15; н“н ж“ж;1535;¬н  ёж«‘…
541;15; н“н ж“ж;1536;ж«÷н…
542;15; н“н ж“ж;1537;√“Ёжд
543;15; н“н ж“ж;1538; нё“н— 
544;15; н“н ж“ж;1539;ћ»б Џн”м гнгжд
545;15; н“н ж“ж;1540;»жџдн
546;15; н“н ж“ж;1541;≈нЁнџ« 
547;15; н“н ж“ж;1542;¬н  «жг«бж
548;15; н“н ж“ж;1543; н—г нд
549;15; н“н ж“ж;1544;√ё—ж
550;15; н“н ж“ж;1545;н«ЎЁ«д
551;15; н“н ж“ж;1546;»дн “нян
552;15; н“н ж“ж;1547;–—«Џ »д ќѕ…
553;15; н“н ж“ж;1548;ж«”нЁ
554;15; н“н ж“ж;1549;√ћ—
555;15; н“н ж“ж;1550;гёб…
556;15; н“н ж“ж;1551; н“н дЋб«Ћ…
557;15; н“н ж“ж;1552;»дн ндн
558;15; н“н ж“ж;1553;«џ—н»
559;15; н“н ж“ж;1554;«Ёбн”д
560;15; н“н ж“ж;1555;»жћнг…
561;15; н“н ж“ж;1556;ж«ѕн ё’«—н
562;15; н“н ж“ж;1557;”жё «б«Ћднд
563;15; н“н ж“ж;1558;¬н  ќбнбн
564;15; н“н ж“ж;1559;”нѕн дЏг«д
565;15; н“н ж“ж;1560;«»жѕ—«—д
566;15; н“н ж“ж;1561;«ёдн ёџ—«д
567;15; н“н ж“ж;1562;г“—«д…
568;15; н“н ж“ж;1563;«г”жЌ«б
569;15; н“н ж“ж;1564; «ѕг«н 
570;15; н“н ж“ж;1565;¬н  »жЏѕ
571;15; н“н ж“ж;1566;√”н нж”Ё
572;15; н“н ж“ж;1567;√н   жѕ— 
573;16;«бћ“«∆— «бЏ«’г…;1601;«бћ“«∆— «бж”Ўм
574;16;«бћ“«∆— «бЏ«’г…;1602;”нѕн «гЌгѕ
575;16;«бћ“«∆— «бЏ«’г…;1603;«бгѕдн…
576;16;«бћ“«∆— «бЏ«’г…;1604;»бж“ѕ«ѕ
577;16;«бћ“«∆— «бЏ«’г…;1605;»«» «бж«ѕн
578;16;«бћ“«∆— «бЏ«’г…;1606;»жбжџнд
579;16;«бћ“«∆— «бЏ«’г…;1607;«бё’»…
580;16;«бћ“«∆— «бЏ«’г…;1608;ж«ѕн ё—н‘
581;16;«бћ“«∆— «бЏ«’г…;1609;»∆— г—«ѕ —«н”
582;16;«бћ“«∆— «бЏ«’г…;1610;«б√»н«—
583;16;«бћ“«∆— «бЏ«’г…;1611;»ж“—нЏ…
584;16;«бћ“«∆— «бЏ«’г…;1612;»∆— ќ«ѕг
585;16;«бћ“«∆— «бЏ«’г…;1613;«бЌ—«‘
586;16;«бћ“«∆— «бЏ«’г…;1614;»—«ён
587;16;«бћ“«∆— «бЏ«’г…;1615;ж«ѕн «б”г«—
588;16;«бћ“«∆— «бЏ«’г…;1616;»ж—ж»…
589;16;«бћ“«∆— «бЏ«’г…;1617;Ќ”нд ѕ«н
590;16;«бћ“«∆— «бЏ«’г…;1618;«бё»…
591;16;«бћ“«∆— «бЏ«’г…;1619;»«‘ ћ—«Ќ
592;16;«бћ“«∆— «бЏ«’г…;1620;«бѕ«— «б»н÷«Ѕ
593;16;«бћ“«∆— «бЏ«’г…;1621;»«» «б“ж«—
594;16;«бћ“«∆— «бЏ«’г…;1622;»д Џяджд
595;16;«бћ“«∆— «бЏ«’г…;1623;ѕ«бн ≈»—«енг
596;16;«бћ“«∆— «бЏ«’г…;1624;«бЌг«г« 
597;16;«бћ“«∆— «бЏ«’г…;1625;—«н” Ќгнѕж
598;16;«бћ“«∆— «бЏ«’г…;1626;ћ”— ё”дЎнд…
599;16;«бћ“«∆— «бЏ«’г…;1627;«бг—«ѕн…
600;16;«бћ“«∆— «бЏ«’г…;1628;Ќнѕ—…
601;16;«бћ“«∆— «бЏ«’г…;1629;«бгЌгѕн…
602;16;«бћ“«∆— «бЏ«’г…;1630;»—ћ «бянЁ«д
603;16;«бћ“«∆— «бЏ«’г…;1631;«бгџ«—н…
604;16;«бћ“«∆— «бЏ«’г…;1632;»дн г”ж”
605;16;«бћ“«∆— «бЏ«’г…;1633;«бя«бн ж”
606;17;«бћбЁ…;1700;«бћбЁ…
607;17;«бћбЁ…;1701;«бћбЁ…
608;17;«бћбЁ…;1702;гћ»«—…
609;17;«бћбЁ…;1703;«бёѕнѕ
610;17;«бћбЁ…;1704;Ќ«”н »Ќ»Ќ
611;17;«бћбЁ…;1705;Џнд гЏ»ѕ
612;17;«бћбЁ…;1706;”ѕ —Ќ«б
613;17;«бћбЁ…;1707;Ён÷ «б»Ўг…
614;17;«бћбЁ…;1708;»н—нд
615;17;«бћбЁ…;1709;»жн—… «б«Ќѕ«»
616;17;«бћбЁ…;1710;“я«—
617;17;«бћбЁ…;1711;«бќгн”
618;17;«бћбЁ…;1712;”нѕн »«н“нѕ
619;17;«бћбЁ…;1713;гбнбнЌ…
620;17;«бћбЁ…;1714;«б«ѕ—н”н…
621;17;«бћбЁ…;1715;ѕжн”
622;17;«бћбЁ…;1716;Ќ«”н «бЏ‘
623;17;«бћбЁ…;1717;г”Џѕ
624;17;«бћбЁ…;1718;ёЎ«—…
625;17;«бћбЁ…;1719;”нѕн бЏћ«б
626;17;«бћбЁ…;1720;Ќѕ «б’Ќ«—н
627;17;«бћбЁ…;1721;ё—дндн
628;17;«бћбЁ…;1722;”бг«д…
629;17;«бћбЁ…;1723;Џнд «б‘еѕ« 
630;17;«бћбЁ…;1724;«г бЏў«г
631;17;«бћбЁ…;1725;ѕ«— «б‘нжќ
632;17;«бћбЁ…;1726;«б‘«—Ё
633;17;«бћбЁ…;1727;»д нЏёж»
634;17;«бћбЁ…;1728;“ЏЁ—«д
635;17;«бћбЁ…;1729;ѕбѕжб
636;17;«бћбЁ…;1730;Џнд «б«»б
637;17;«бћбЁ…;1731;Џнд ж”«—…
638;17;«бћбЁ…;1732;»де«—
639;17;«бћбЁ…;1733;Ќ«”н Ёѕжб
640;17;«бћбЁ…;1734;Џгж—…
641;17;«бћбЁ…;1735;Џнд Ёё…
642;17;«бћбЁ…;1736; Џўгн 
643;17;«бћбЁ…;1790;«жб«ѕ ќд«Ћ…
644;17;«бћбЁ…;1791;«жб«ѕ нЌн »д ”«бг
645;17;«бћбЁ…;1792;«жб«ѕ Џн”м »д Џбн
646;17;«бћбЁ…;1793;«жб«ѕ «г «б√ќж…
647;17;«бћбЁ…;1794;«жб«ѕ —ё«ѕ «бџ—«»…
648;17;«бћбЁ…;1795;“г“«‘
649;18;ћнћб;1801;ћнћб
650;18;ћнћб;1802;√—«ёд
651;18;ћнћб;1803;«бЏж«д…
652;18;ћнћб;1804;“н«г… гд’ж—н…
653;18;ћнћб;1805;«бЎ«ен—
654;18;ћнћб;1806;«б√гн— Џ»ѕ «бё«ѕ—
655;18;ћнћб;1807;«б‘ёЁ…
656;18;ћнћб;1808;«б‘Ќд…
657;18;ћнћб;1809;«бгнбн…
658;18;ћнћб;1810;”нѕн гЏ—жЁ
659;18;ћнћб;1811;«б”Ў«—…
660;18;ћнћб;1812;«бЏд’—
661;18;ћнћб;1813;”нѕн Џ»ѕ «бЏ“н“
662;18;ћнћб;1814;ё«ж”
663;18;ћнћб;1815;џ»«б…
664;18;ћнћб;1816;»ж—«жн »бе«ѕЁ
665;18;ћнћб;1817;ћнгб…
666;18;ћнћб;1818;”бгм »д “н«ѕ
667;18;ћнћб;1819;»ж”нЁ «жб«ѕ Џ”я—
668;18;ћнћб;1820;«бёд«— дж‘Ён
669;18;ћнћб;1821;«жб«ѕ нЌн ќѕ—ж‘
670;18;ћнћб;1822;»ж–—нЏ… »д н«ћн”
671;18;ћнћб;1823;ќн— ж«ѕн Џћжб
672;18;ћнћб;1824; «я”д…
673;18;ћнћб;1825;«бћгЏ… »дн Ќ»н»н
674;18;ћнћб;1826;»—ћ «бЎ«е—
675;18;ћнћб;1827;√жб«ѕ —«»Ќ
676;18;ћнћб;1828;жћ«д…
677;19;”ЎнЁ;1901;”ЎнЁ
678;19;”ЎнЁ;1902;«бЏнд «бя»н—…
679;19;”ЎнЁ;1903;»дн Џ“н“
680;19;”ЎнЁ;1904;√жб«ѕ ”н √Ќгѕ
681;19;”ЎнЁ;1905;»жЎ«б»
682;19;”ЎнЁ;1906;Џнд «б—жн
683;19;”ЎнЁ;1907;–—«Џ ё»б…
684;19;”ЎнЁ;1908;»∆— «бЏ—‘
685;19;”ЎнЁ;1909;»дн ‘»«д…
686;19;”ЎнЁ;1910;√жб«ѕ  »«д
687;19;”ЎнЁ;1911;«бЌ«г…
688;19;”ЎнЁ;1912;гЏ«жн…
689;19;”ЎнЁ;1913;Џнд бё—«ћ
690;19;”ЎнЁ;1914;Џнд Џ»«”…
691;19;”ЎнЁ;1915;«бѕе«г‘…
692;19;”ЎнЁ;1916;»«»ж—
693;19;”ЎнЁ;1917;ёћ«б
694;19;”ЎнЁ;1918;Џнд «бЌћ—
695;19;”ЎнЁ;1919;»ж”б«г
696;19;”ЎнЁ;1920;«бЏбг…
697;19;”ЎнЁ;1921;ћгнб…
698;19;”ЎнЁ;1922;»дн ж— нб«д
699;19;”ЎнЁ;1923;«б—’Ё…
700;19;”ЎнЁ;1924;√жб«ѕ Џѕж«д
701;19;”ЎнЁ;1925;»бЏ…
702;19;”ЎнЁ;1926;Џнд «—д« 
703;19;”ЎнЁ;1927;Џгж‘…
704;19;”ЎнЁ;1928;Џнд жбг«д
705;19;”ЎнЁ;1929;»н÷«  »—ћ
706;19;”ЎнЁ;1930;»жЏдѕ«”
707;19;”ЎнЁ;1931;»«“— «б’ќ—…
708;19;”ЎнЁ;1932;Ќг«г «б”ќд…
709;19;”ЎнЁ;1933;г“бжё
710;19;”ЎнЁ;1934;»∆— Ќѕ«ѕ…
711;19;”ЎнЁ;1935;”—ћ «бџжб
712;19;”ЎнЁ;1936;Ќ—»нб
713;19;”ЎнЁ;1937;«бж—н”н…
714;19;”ЎнЁ;1938; н“н д»‘«—
715;19;”ЎнЁ;1939;’«бЌ »«н
716;19;”ЎнЁ;1940;Џнд «“«б
717;19;”ЎнЁ;1941;ёд“« 
718;19;”ЎнЁ;1942; «б… ≈нЁ«”д
719;19;”ЎнЁ;1943;»жё«Џ…
720;19;”ЎнЁ;1944;»дн Ёжѕ…
721;19;”ЎнЁ;1945; «‘жѕ…
722;19;”ЎнЁ;1946;»дн гжЌбн
723;19;”ЎнЁ;1947;√жб«ѕ’«»—
724;19;”ЎнЁ;1948;ёб«б
725;19;”ЎнЁ;1949;Џнд «б”» 
726;19;”ЎнЁ;1950;Ќг«г ё—ёж—
727;19;”ЎнЁ;1951;¬н  дж«б г“«ѕ…
728;19;”ЎнЁ;1952;ё’— «б«»Ў«б
729;19;”ЎнЁ;1953;»дн Ќ”нд
730;19;”ЎнЁ;1954;¬н   н“н
731;19;”ЎнЁ;1955;г«жяб«д
732;19;”ЎнЁ;1956;«бёб … «б“—ё« 
733;19;”ЎнЁ;1957;ж«ѕн «б»«—ѕ
734;19;”ЎнЁ;1958;«бЎ«н…
735;19;”ЎнЁ;1959;«бжбћ…
736;19;”ЎнЁ;1960;«б б…
737;20;”Џнѕ…;2001;”Џнѕ…
738;20;”Џнѕ…;2002;ѕжн Ћ«» 
739;20;”Џнѕ…;2003;Џнд «бЌћ—
740;20;”Џнѕ…;2004;√жб« ќ«бѕ
741;20;”Џнѕ…;2005;гжб«н «бЏ—»н
742;20;”Џнѕ…;2006;нж»
743;20;”Џнѕ…;2007;Ќд« 
744;20;”Џнѕ…;2008;”нѕн Џг«—
745;20;”Џнѕ…;2009;”нѕн »ж»я—
746;20;”Џнѕ…;2010;«бЌ”«”д…
747;20;”Џнѕ…;2011;«бгЏгж—…
748;20;”Џнѕ…;2012;”нѕн √Ќгѕ
749;20;”Џнѕ…;2013;Џнд «б”ќжд…
750;20;”Џнѕ…;2014;√жб«ѕ ≈»—«енг
751;20;”Џнѕ…;2015; н—”нд
752;20;”Џнѕ…;2016;Џнд «б”бЎ«д
753;21;”яняѕ…;2101;”яняѕ…
754;21;”яняѕ…;2102;Џнд “жн 
755;21;”яняѕ…;2103;«бЌѕ«∆ё
756;21;”яняѕ…;2104;Џ“«»…
757;21;”яняѕ…;2105;ћдѕб ”Џѕн гЌгѕ
758;21;”яняѕ…;2106;Џнд ‘—‘«—
759;21;”яняѕ…;2107;»яж‘ «б«ќ÷—
760;21;”яняѕ…;2108;»д Џ“ж“
761;21;”яняѕ…;2109;«б”» 
762;21;”яняѕ…;2110;«бёб
763;21;”яняѕ…;2111;»дн “нѕ
764;21;”яняѕ…;2112;«бя—я—…
765;21;”яняѕ…;2113;√жб«ѕ ЏЎн…
766;21;”яняѕ…;2114;ж«ѕн «б“еж—
767;21;”яняѕ…;2115;«б“н жд…
768;21;”яняѕ…;2116;«бЌ—ж‘
769;21;”яняѕ…;2117;“—ѕ«“…
770;21;”яняѕ…;2118;√жб«ѕ Ќ»«»…
771;21;”яняѕ…;2119;”нѕн г“џн‘
772;21;”яняѕ…;2120;гћ«“ «бѕ‘н‘
773;21;”яняѕ…;2121;»дн жб»«д
774;21;”яняѕ…;2122;Џнд »ж“н«д
775;21;”яняѕ…;2123;—г÷«д ћг«б
776;21;”яняѕ…;2124;»дн »‘н—
777;21;”яняѕ…;2125;’«бЌ »ж«б‘Џж—
778;21;”яняѕ…;2126; г«бж”
779;21;”яняѕ…;2127;Џнд ё‘—…
780;21;”яняѕ…;2128;√г «бЎж»
781;21;”яняѕ…;2129;»нд «бжнѕ«д
782;21;”яняѕ…;2130;ЁбЁнб…
783;21;”яняѕ…;2131;«б‘—«∆Џ
784;21;”яняѕ…;2132;ёдж«Џ
785;21;”яняѕ…;2133;«бџѕн—
786;21;”яняѕ…;2134;»ж‘Ў«Ў…
787;21;”яняѕ…;2135;«бжбћ… »жб»бжЎ
788;21;”яняѕ…;2136;ќдё г«нжд
789;21;”яняѕ…;2137;Ќг«ѕн я—жг…
790;21;”яняѕ…;2138;«бг—”м
791;22;”нѕн »бЏ»«”;2201;”нѕн »бЏ»«”
792;22;”нѕн »бЏ»«”;2202; ”«б…
793;22;”нѕн »бЏ»«”;2203;”нѕн ≈»—«енг
794;22;”нѕн »бЏ»«”;2204;г’ЎЁм »д ≈»—«енг
795;22;”нѕн »бЏ»«”;2205; б«џ
796;22;”нѕн »бЏ»«”;2206;г“ж«—ж
797;22;”нѕн »бЏ»«”;2207;»жќднЁн”
798;22;”нѕн »бЏ»«”;2208;”нѕн Џбн »ж”нѕн
799;22;”нѕн »бЏ»«”;2209;»ѕ— «бѕнд «бгё—«дн
800;22;”нѕн »бЏ»«”;2210;г—Ќжг
801;22;”нѕн »бЏ»«”;2211; «Ён”ж—
802;22;”нѕн »бЏ»«”;2212;«г—д«”
803;22;”нѕн »бЏ»«”;2213; бгждн
804;22;”нѕн »бЏ»«”;2214;”нѕн бЌ”д
805;22;”нѕн »бЏ»«”;2215;Џнд «бЋ—нѕ
806;22;”нѕн »бЏ»«”;2216;гёѕ—…
807;22;”нѕн »бЏ»«”;2217; дн—…
808;22;”нѕн »бЏ»«”;2218;гжб«н ”бн”д
809;22;”нѕн »бЏ»«”;2219;«бЌ’н»…
810;22;”нѕн »бЏ»«”;2220;Ќ«”н “е«д…
811;22;”нѕн »бЏ»«”;2221;Ў«»н…
812;22;”нѕн »бЏ»«”;2222;г—нд
813;22;”нѕн »бЏ»«”;2223;—«” «бг« 
814;22;”нѕн »бЏ»«”;2224;Џнд  дѕгнд
815;22;”нѕн »бЏ»«”;2225;Џнд ё«ѕ…
816;22;”нѕн »бЏ»«”;2226;г”нѕ
817;22;”нѕн »бЏ»«”;2227;”нѕн ќ«бѕ
818;22;”нѕн »бЏ»«”;2228;Џнд «б»—ѕ
819;22;”нѕн »бЏ»«”;2229;«б“Ён“Ё
820;22;”нѕн »бЏ»«”;2230;Џнд Џѕ«д
821;22;”нѕн »бЏ»«”;2231;ж«ѕн  ж—н—…
822;22;”нѕн »бЏ»«”;2232;«б÷«н…
823;22;”нѕн »бЏ»«”;2233;“—ж«б…
824;22;”нѕн »бЏ»«”;2234;бгЎ«—
825;22;”нѕн »бЏ»«”;2235;”нѕн ‘Џн»
826;22;”нѕн »бЏ»«”;2236;”нѕн ѕЌж «б“«н—
827;22;”нѕн »бЏ»«”;2237;ж«ѕн «б”»Џ
828;22;”нѕн »бЏ»«”;2238;»жћ»Џ «б»—ћ
829;22;”нѕн »бЏ»«”;2239;”Ќ«б… Ћ«ж—…
830;22;”нѕн »бЏ»«”;2240;”нѕн нЏёж»
831;22;”нѕн »бЏ»«”;2241;”нѕн Ќг«ѕж‘
832;22;”нѕн »бЏ»«”;2242;»бЏ—»н
833;22;”нѕн »бЏ»«”;2243;ж«ѕн ”Ёнжд
834;22;”нѕн »бЏ»«”;2244; џбнг 
835;22;”нѕн »бЏ»«”;2245;«»д »«ѕн”
836;22;”нѕн »бЏ»«”;2246;”нѕн Џбн »д нж»
837;22;”нѕн »бЏ»«”;2247;‘ ж«д »бнб…
838;22;”нѕн »бЏ»«”;2248;»∆— «бЌг«г
839;22;”нѕн »бЏ»«”;2249; «жѕгж 
840;22;”нѕн »бЏ»«”;2250;—ћг ѕгж‘
841;22;”нѕн »бЏ»«”;2251;»д Џ‘н»… ‘нб…
842;22;”нѕн »бЏ»«”;2252;Ќ«”н ѕЌж
843;23;Џд«»…;2301;Џд«»…
844;23;Џд«»…;2302;»—Ќ«б
845;23;Џд«»…;2303;«бЌћ«—
846;23;Џд«»…;2304;«бЏбг…
847;23;Џд«»…;2305;«б»ждн
848;23;Џд«»…;2306;ж«ѕн «бЏд»
849;23;Џд«»…;2307;«б‘—Ё« 
850;23;Џд«»…;2308;”—«нѕн
851;23;Џд«»…;2309;«бЏнд «б»«—ѕ…
852;23;Џд«»…;2310;‘Ў«н»н
853;23;Џд«»…;2311;”нѕ Џ«г—
854;23;Џд«»…;2312;«б —нЏ« 
855;24;ё«бг…;2401;ё«бг…
856;24;ё«бг…;2402;д‘г«н…
857;24;ё«бг…;2403;»жЏ«Ўн гЌгѕ
858;24;ё«бг…;2404;ж«ѕн «б“д« н
859;24;ё«бг…;2405; «гбжя…
860;24;ё«бг…;2406;ж«ѕн Ё—«џ«
861;24;ё«бг…;2407;Џнд ’дѕб
862;24;ё«бг…;2408;—√” «бЏё»…
863;24;ё«бг…;2409;«бѕеж«—…
864;24;ё«бг…;2410;»бќн—
865;24;ё«бг…;2411;»д ћ—«Ќ
866;24;ё«бг…;2412;»жЌгѕ«д
867;24;ё«бг…;2413;Џнд гќбжЁ
868;24;ё«бг…;2414;Џнд »н÷« 
869;24;ё«бг…;2415;ќ“«—…
870;24;ё«бг…;2416;»дн г“бнд
871;24;ё«бг…;2417;»жЌ‘«д…
872;24;ё«бг…;2418;ёбЏ… »ж’»Џ
873;24;ё«бг…;2419;Ќг«г ѕ»«џ
874;24;ё«бг…;2420;«бЁћжћ
875;24;ё«бг…;2421;»—ћ «б’»«Ў
876;24;ё«бг…;2422;Ќг«г «бд»«нб
877;24;ё«бг…;2423;Џнд «бЏ—»н
878;24;ё«бг…;2424;гћ«“ Џг«—
879;24;ё«бг…;2425;»ж‘ёжЁ
880;24;ё«бг…;2426;енбнж »жбн”
881;24;ё«бг…;2427;Џнд «бЌ”«ндн…
882;24;ё«бг…;2428;«б—ядн…
883;24;ё«бг…;2429;”б«ж… Џджн…
884;24;ё«бг…;2430;гћ«— «б’Ё« 
885;24;ё«бг…;2431;»жге—… «Ќгѕ
886;24;ё«бг…;2432;Џнд —ё«ѕ…
887;24;ё«бг…;2433;ж«ѕн «б‘Ќг
888;24;ё«бг…;2434;ћ»«б… «бќгн”н
889;25;ё”дЎнд…;2501;ё”дЎнд…
890;25;ё”дЎнд…;2502;Ќ«г… »ж“н«д
891;25;ё”дЎнд…;2503;«бе—н…
892;25;ё”дЎнд…;2504;“нџжѕ нж”Ё
893;25;ё”дЎнд…;2505;ѕнѕж‘ г—«ѕ
894;25;ё”дЎнд…;2506;«бќ—ж»
895;25;ё”дЎнд…;2507;Џнд Џ»нѕ
896;25;ё”дЎнд…;2508;»дн Ќгнѕ«д
897;25;ё”дЎнд…;2509;√жб«ѕ —Ќгжд
898;25;ё”дЎнд…;2510;Џнд «б”г«—…
899;25;ё”дЎнд…;2511;Џнд «бя—г…
900;25;ё”дЎнд…;2512;«»д “н«ѕ
901;26;«бгѕн…;2601;«бгѕн…
902;26;«бгѕн…;2602;ж“—…
903;26;«бгѕн…;2603;√жб«ѕ гЏ—Ё
904;26;«бгѕн…;2604;Џнд »ж”нЁ
905;26;«бгѕн…;2605;«бЏн”«жн…
906;26;«бгѕн…;2606;√жб«ѕ ѕ«нѕ
907;26;«бгѕн…;2607;«бЏг—н…
908;26;«бгѕн…;2608;ѕ—«ё
909;26;«бгѕн…;2609;«бёб» «бя»н—
910;26;«бгѕн…;2610;»жЏн‘
911;26;«бгѕн…;2611;г“џд…
912;26;«бгѕн…;2612;√жб«ѕ ≈»—«енг
913;26;«бгѕн…;2613;ѕгн« 
914;26;«бгѕн…;2614;”нѕн “н«д
915;26;«бгѕн…;2615; г”ёнѕ…
916;26;«бгѕн…;2616;«бЌгѕ«дн…
917;26;«бгѕн…;2617;«бя«Ё «б«ќ÷—
918;26;«бгѕн…;2618;‘б«б… «бЏ–«ж—…
919;26;«бгѕн…;2619;»ж”яд
920;26;«бгѕн…;2620;«б—»Џн…
921;26;«бгѕн…;2621;»ж‘—«Ќнб
922;26;«бгѕн…;2622;√жб«ѕ еб«б
923;26;«бгѕн…;2623; Ё—«ж 
924;26;«бгѕн…;2624;»ЏЎ…
925;26;«бгѕн…;2625;»жџ«—
926;26;«бгѕн…;2626;”нѕн дЏг«д
927;26;«бгѕн…;2627;√жб«ѕ »жЏ‘—…
928;26;«бгѕн…;2628;”нѕн “е«—
929;26;«бгѕн…;2629;ж«ѕн Ќ—»нб
930;26;«бгѕн…;2630;»д ‘я«ж
931;26;«бгѕн…;2631;”нѕн ѕ«гѕ
932;26;«бгѕн…;2632;Џ“н“
933;26;«бгѕн…;2633;«б”ж«ён
934;26;«бгѕн…;2634;«б“»н—н…
935;26;«бгѕн…;2635;ё’— «б»ќ«—н
936;26;«бгѕн…;2636;«бЏ“н“н…
937;26;«бгѕн…;2637;ћж«»
938;26;«бгѕн…;2638;«б‘е»ждн…
939;26;«бгѕн…;2639;гџ—«ж…
940;26;«бгѕн…;2640;‘днёб
941;26;«бгѕн…;2641;Џнд «бё’н—
942;26;«бгѕн…;2642;√г «бћбнб
943;26;«бгѕн…;2643;Џж«г—н
944;26;«бгѕн…;2644;”н «бгЌћж»
945;26;«бгѕн…;2645;Ћб«Ћ… ѕж«∆—
946;26;«бгѕн…;2646;»дн ”бнг«д
947;26;«бгѕн…;2647;«б»—ж«ён…
948;26;«бгѕн…;2648;”џж«д
949;26;«бгѕн…;2649;гЁ «Ќ
950;26;«бгѕн…;2650;гнеж»
951;26;«бгѕн…;2651;»жџ“жб
952;26;«бгѕн…;2652; «»б«Ў
953;26;«бгѕн…;2653;«бЌж÷«д
954;26;«бгѕн…;2654;–—«Џ «б”г«—
955;26;«бгѕн…;2655;”нѕн «б—»нЏ
956;26;«бгѕн…;2656;»∆— »д Џ«»ѕ
957;26;«бгѕн…;2657;«бЏжнд« 
958;26;«бгѕн…;2658;√жб«ѕ Џд —
959;26;«бгѕн…;2659;»жЏн‘жд
960;26;«бгѕн…;2660;Ќд«‘…
961;26;«бгѕн…;2661;”ѕ—«н…
962;26;«бгѕн…;2662;гћ»—
963;26;«бгѕн…;2663;ќг” ћж«гЏ
964;26;«бгѕн…;2664;«б”«дё
965;27;г” џ«дг;2701;г” џ«дг
966;27;г” џ«дг;2702;’н«ѕ…
967;27;г” џ«дг;2703;Ё—д«я…
968;27;г” џ«дг;2704;” нѕн…
969;27;г” џ«дг;2705;Џнд джн”н
970;27;г” џ«дг;2706;Ќ«”н г«г«‘
971;27;г” џ«дг;2707;Џнд  «ѕб”
972;27;г” џ«дг;2708;«б’ж—
973;27;г” џ«дг;2709;ж«ѕ «бќн—
974;27;г” џ«дг;2710;”нѕн »бЏЎ«—
975;27;г” џ«дг;2711;ќн— «бѕнд
976;27;г” џ«дг;2712;”нѕ Џбн
977;27;г” џ«дг;2713;Џ»ѕ«бг«бя —г÷«д
978;27;г” џ«дг;2714;Ќћ«ћ
979;27;г” џ«дг;2715;дяг«—н…
980;27;г” џ«дг;2716;”нѕн бќ÷—
981;27;г” џ«дг;2717;Џ‘Џ«‘…
982;27;г” џ«дг;2718;ќ÷—…
983;27;г” џ«дг;2719;»жён—«Ў
984;27;г” џ«дг;2720;”н—« 
985;27;г” џ«дг;2721;Џнд ”нѕн «б‘—нЁ
986;27;г” џ«дг;2722;г«”—…
987;27;г” џ«дг;2723;гд’ж—…
988;27;г” џ«дг;2724;«б”ж«Ёбн…
989;27;г” џ«дг;2725;√жб«ѕ »жџ«бг
990;27;г” џ«дг;2726;√жб«ѕ гЏ «ббше
991;27;г” џ«дг;2727;г“џ—«д
992;27;г” џ«дг;2728;Џнд »жѕнд«—
993;27;г” џ«дг;2729; “ё«н 
994;27;г” џ«дг;2730;«б’Ё’«Ё
995;27;г” џ«дг;2731;«бЎж«е—н…
996;27;г” џ«дг;2732;«бЌ”н«д
997;28;«бг”нб…;2801;«бг”нб…
998;28;«бг”нб…;2802;«бгЏ«÷нѕ
999;28;«бг”нб…;2803;Ќг«г «б÷бЏ…
1000;28;«бг”нб…;2804;√жб«ѕ ѕ—«ћ
1001;28;«бг”нб…;2805; «—гжд 
1002;28;«бг”нб…;2806;«бгЎ«—Ё…
1003;28;«бг”нб…;2807;ќ»«д…
1004;28;«бг”нб…;2808;г’нЁ
1005;28;«бг”нб…;2809;‘б«б
1006;28;«бг”нб…;2810;«жб«ѕ г«÷н
1007;28;«бг”нб…;2811;гё—…
1008;28;«бг”нб…;2812;»—ежг
1009;28;«бг”нб…;2813;Џнд ќ÷—« 
1010;28;«бг”нб…;2814;√жб«ѕ Џѕн ё»«б…
1011;28;«бг”нб…;2815;»бЏ«н»…
1012;28;«бг”нб…;2816;”нѕн Џн”м
1013;28;«бг”нб…;2817;Џнд «бЌћб
1014;28;«бг”нб…;2818;”нѕн ећ—”
1015;28;«бг”нб…;2819;жджџ…
1016;28;«бг”нб…;2820;»ж”Џ«ѕ…
1017;28;«бг”нб…;2821;√жб«ѕ ”нѕн ≈»—«енг
1018;28;«бг”нб…;2822;”нѕн Џ«г—
1019;28;«бг”нб…;2823; «г”…
1020;28;«бг”нб…;2824;≈»д ”—ж—
1021;28;«бг”нб…;2825;√жб«ѕ ”бнг«д
1022;28;«бг”нб…;2826;«бќж«гѕ
1023;28;«бг”нб…;2827;«бе«гб
1024;28;«бг”нб…;2828;√жб«ѕ гд’ж—
1025;28;«бг”нб…;2829;гЏ«—нЁ
1026;28;«бг”нб…;2830;ѕе«ед…
1027;28;«бг”нб…;2831;»жЎн «б”н«Ќ
1028;28;«бг”нб…;2832;ќ ж н ”ѕ «бћн—
1029;28;«бг”нб…;2833;“—“ж—
1030;28;«бг”нб…;2834;ж«ѕн «б‘Џн—
1031;28;«бг”нб…;2835;»д “жЌ
1032;28;«бг”нб…;2836;»∆— «бЁ÷…
1033;28;«бг”нб…;2837;Џнд Ё«—”
1034;28;«бг”нб…;2838;”нѕн гЌгѕ
1035;28;«бг”нб…;2839;√жб«ѕ ЏЎн…
1036;28;«бг”нб…;2840;«б’ж«гЏ
1037;28;«бг”нб…;2841;Џнд «бгбЌ
1038;28;«бг”нб…;2842;гћѕб
1039;28;«бг”нб…;2843;”бнг
1040;28;«бг”нб…;2844;Џнд «б—н‘
1041;28;«бг”нб…;2845;»дн нбг«д
1042;28;«бг”нб…;2846;жб «г
1043;28;«бг”нб…;2847;ћ»б г”Џѕ
1044;29;гЏ”я—;2901;гЏ”я—
1045;29;гЏ”я—;2902;»жЌднЁн…
1046;29;гЏ”я—;2903; н“н
1047;29;гЏ”я—;2904;Ќ”нд
1048;29;гЏ”я—;2905;г«ж”…
1049;29;гЏ”я—;2906; нџднЁ
1050;29;гЏ”я—;2907;«бе«‘г
1051;29;гЏ”я—;2908;”нѕн ё«ѕ…
1052;29;гЏ”я—;2909;«гЌ«гнѕ
1053;29;гЏ”я—;2910;ж«ѕн «б«»Ў«б
1054;29;гЏ”я—;2911;Џнд Ё—«Ќ
1055;29;гЏ”я—;2912;џ—н”
1056;29;гЏ”я—;2913;Ё—жЌ…
1057;29;гЏ”я—;2914;«бгЎгж—
1058;29;гЏ”я—;2915;г«ё÷д…
1059;29;гЏ”я—;2916;”нѕн »ж”Џнѕ
1060;29;гЏ”я—;2917;«б»—ћ
1061;29;гЏ”я—;2918;Џнд Ёя«д
1062;29;гЏ”я—;2919;»дн«д
1063;29;гЏ”я—;2920;ќбжн…
1064;29;гЏ”я—;2921;«бгдж—
1065;29;гЏ”я—;2922;ж«ѕн  «џн…
1066;29;гЏ”я—;2923;ЏжЁ
1067;29;гЏ”я—;2924;Џнд Ё«—”
1068;29;гЏ”я—;2925;Џнд Ё—”
1069;29;гЏ”я—;2926;”нё
1070;29;гЏ”я—;2927;Џя«“
1071;29;гЏ”я—;2928;«бЏб«нгн…
1072;29;гЏ”я—;2929;«бёЏѕ…
1073;29;гЏ”я—;2930;“е«д…
1074;29;гЏ”я—;2931;«бгЌгѕн…
1075;29;гЏ”я—;2932;”нѕн Џ»ѕ «бгжгд
1076;29;гЏ”я—;2933;Ё—«ёнё
1077;29;гЏ”я—;2934;«бџг—н
1078;29;гЏ”я—;2935;”ћ—«—…
1079;29;гЏ”я—;2936;гёЎЏ «бѕж“
1080;29;гЏ”я—;2937;»жедн
1081;29;гЏ”я—;2938;«бёЎд…
1082;29;гЏ”я—;2939;«бг√гждн…
1083;29;гЏ”я—;2940;«бё—Ў
1084;29;гЏ”я—;2941;џ—н”
1085;29;гЏ”я—;2942;ё—ћжг
1086;29;гЏ”я—;2943;«б‘—Ё« 
1087;29;гЏ”я—;2944;—√” Џнд Џгн—ж‘
1088;29;гЏ”я—;2945;д”гжЎ
1089;29;гЏ”я—;2946;”нѕн Џ»ѕ «бћ»«—
1090;29;гЏ”я—;2947;«б”Ќ«нбн…
1091;30;ж—ёб…;3001;ж—ёб…
1092;30;ж—ёб…;3002;Џнд «б»н÷« 
1093;30;ж—ёб…;3003;дёж”…
1094;30;ж—ёб…;3004;Ќ«”н г”Џжѕ
1095;30;ж—ёб…;3005;«б—жн”« 
1096;30;ж—ёб…;3006;»бѕн… Џ«г—
1097;30;ж—ёб…;3007; »”»” 
1098;30;ж—ёб…;3008;д“б…
1099;30;ж—ёб…;3009;«б“«жн… «бЏ«»ѕн…
1100;30;ж—ёб…;3010;”нѕн ”бнг«д
1101;30;ж—ёб…;3011;”нѕн ќжнбѕ
1102;30;ж—ёб…;3012;Ќ«”н »д Џ»ѕ «ббе
1103;30;ж—ёб…;3013; жё— 
1104;30;ж—ёб…;3014;«бЌћн—…
1105;30;ж—ёб…;3015;«бЎн»« 
1106;30;ж—ёб…;3016; г«”нд
1107;30;ж—ёб…;3017;«»д д«’—
1108;30;ж—ёб…;3018;«бгдё—
1109;30;ж—ёб…;3019;«бгё«—нд
1110;30;ж—ёб…;3020;«бЏ«бн…
1111;30;ж—ёб…;3021;«б»—г…
1112;31;же—«д;3101;же—«д
1113;31;же—«д;3102;ёѕнб
1114;31;же—«д;3103;»∆— «бћн—
1115;31;же—«д;3104;Ќ«”н »жднЁ
1116;31;же—«д;3105;«б”«дн…
1117;31;же—«д;3106;«—“нж
1118;31;же—«д;3107;»Ўнж…
1119;31;же—«д;3108;г—”м «бЌћ«ћ
1120;31;же—«д;3109;Џнд «б —я
1121;31;же—«д;3110;«бЏд’—
1122;31;же—«д;3111;ж«ѕн  бнб« 
1123;31;же—«д;3112;ЎЁ—«жн
1124;31;же—«д;3113;”нѕн «б‘Ќгн
1125;31;же—«д;3114;»жЁ« н”
1126;31;же—«д;3115;«бг—”м «бя»н—
1127;31;же—«д;3116;»ж’Ё—
1128;31;же—«д;3117;«бя—г…
1129;31;же—«д;3118;«б»—н…
1130;31;же—«д;3119;Ќ«”н »д Џё»…
1131;31;же—«д;3120;»д Ё—нЌ…
1132;31;же—«д;3121;Ќ«”н гЁ”жќ
1133;31;же—«д;3122;”нѕн »д н»ём
1134;31;же—«д;3123;г”—џнд
1135;31;же—«д;3124;»ж бнбн”
1136;31;же—«д;3125;Џнд «бя—г…
1137;31;же—«д;3126;Џнд «б»н…
1138;32;«б»н÷;3201;«б»н÷
1139;32;«б»н÷;3202;—жё«’…
1140;32;«б»н÷;3203;” н д
1141;32;«б»н÷;3204;»—н“нд…
1142;32;«б»н÷;3205;џ”жб
1143;32;«б»н÷;3206;»жЏб«г
1144;32;«б»н÷;3207;«б«»н÷ ”нѕн «б‘нќ
1145;32;«б»н÷;3208;Џнд «бЏ—«я
1146;32;«б»н÷;3209;Џ—»«ж…
1147;32;«б»н÷;3210;»жёЎ»
1148;32;«б»н÷;3211;«бќЋн—
1149;32;«б»н÷;3212;я«Ё «б«Ќг—
1150;32;«б»н÷;3213;»ж”гџжд
1151;32;«б»н÷;3214;‘б«б…
1152;32;«б»н÷;3215;я—«яѕ…
1153;32;«б»н÷;3216;«б»джѕ
1154;32;«б»н÷;3217;«б‘ёнё
1155;32;«б»н÷;3218;”нѕн Џ«г—
1156;32;«б»н÷;3219;«бге«—…
1157;32;«б»н÷;3220; ж”гжбнд
1158;32;«б»н÷;3221;”нѕн ”бнг«д
1159;32;«б»н÷;3222;”нѕн  нЁж—
1160;33;≈бн“н;3301;≈бн“н
1161;33;≈бн“н;3302;ћ«д 
1162;33;≈бн“н;3303;ѕ»ѕ«»
1163;33;≈бн“н;3304;»—ћ Џг—ѕ—н”
1164;33;≈бн“н;3305;»—ћ «бЌж«”
1165;33;≈бн“н;3306;«д «гнд«”
1166;34;»—ћ »жЏ—н—нћ;3401;»—ћ »жЏ—н—нћ
1167;34;»—ћ »жЏ—н—нћ;3402;—«” «бж«ѕн
1168;34;»—ћ »жЏ—н—нћ;3403;»—ћ “гж—…
1169;34;»—ћ »жЏ—н—нћ;3404;«бгд’ж—…
1170;34;»—ћ »жЏ—н—нћ;3405;«бген—
1171;34;»—ћ »жЏ—н—нћ;3406;»д ѕ«жѕ
1172;34;»—ћ »жЏ—н—нћ;3407;«бн«‘н—
1173;34;»—ћ »жЏ—н—нћ;3408;Џнд  «џ—ж 
1174;34;»—ћ »жЏ—н—нћ;3409;»—ћ џѕн—
1175;34;»—ћ »жЏ—н—нћ;3410;”нѕн г»«—я
1176;34;»—ћ »жЏ—н—нћ;3411;«бЌг«ѕн…
1177;34;»—ћ »жЏ—н—нћ;3412;»бнгж—
1178;34;»—ћ »жЏ—н—нћ;3413;гћ«д…
1179;34;»—ћ »жЏ—н—нћ;3414;Ћдн… «бд’—
1180;34;»—ћ »жЏ—н—нћ;3415;«бћЏ«Ён—…
1181;34;»—ћ »жЏ—н—нћ;3416;«бг«нд
1182;34;»—ћ »жЏ—н—нћ;3417;«жб«ѕ ≈»—«енг
1183;34;»—ћ »жЏ—н—нћ;3418;«жб«ѕ ѕЌг«д
1184;34;»—ћ »жЏ—н—нћ;3419;Ќ”«ж…
1185;34;»—ћ »жЏ—н—нћ;3420;ќбнб
1186;34;»—ћ »жЏ—н—нћ;3421; ёбЏн 
1187;34;»—ћ »жЏ—н—нћ;3422;«бё’ж—
1188;34;»—ћ »жЏ—н—нћ;3423;«жб«ѕ ”нѕн ≈»—«енг
1189;34;»—ћ »жЏ—н—нћ;3424; Ё—ё
1190;34;»—ћ »жЏ—н—нћ;3425;«бёб…
1191;34;»—ћ »жЏ—н—нћ;3426; ня” н—
1192;34;»—ћ »жЏ—н—нћ;3427;«бЏ‘
1193;34;»—ћ »жЏ—н—нћ;3428;«бЏд’—
1194;34;»—ћ »жЏ—н—нћ;3429; ”г— 
1195;34;»—ћ »жЏ—н—нћ;3430;Џнд  ”— 
1196;34;»—ћ »жЏ—н—нћ;3431;»∆— ё’ѕ Џбн
1197;34;»—ћ »жЏ—н—нћ;3432;џнб«”…
1198;34;»—ћ »жЏ—н—нћ;3433;«б—«»Ў…
1199;34;»—ћ »жЏ—н—нћ;3434;Ќ—«“…
1200;35;»жг—ѕ«”;3501;»жг—ѕ«”
1201;35;»жг—ѕ«”;3502;»жѕж«ж
1202;16;«бћ“«∆— «бЏ«’г…;1638;«б—жн»…
1203;35;»жг—ѕ«”;3503;«Ён—
1204;35;»жг—ѕ«”;3504;»—ћ гд«нб
1205;35;»жг—ѕ«”;3505;»џбн…
1206;35;»жг—ѕ«”;3506;”нѕн ѕ«жѕ
1207;35;»жг—ѕ«”;3507;«бд«’—н…
1208;35;»жг—ѕ«”;3508;ћнд« 
1209;35;»жг—ѕ«”;3509;н”—
1210;35;»жг—ѕ«”;3510;“гж—н
1211;35;»жг—ѕ«”;3511;”н г’ЎЁм
1212;35;»жг—ѕ«”;3512; ћб»нд
1213;35;»жг—ѕ«”;3513;‘Џ»… «бЏ«г—
1214;35;»жг—ѕ«”;3514;«бЋдн…
1215;16;«бћ“«∆— «бЏ«’г…;1640;«б—џ«н…
1216;16;«бћ“«∆— «бЏ«’г…;1641;Џнд Ў«н…
1217;35;»жг—ѕ«”;3515; г“—н 
1218;35;»жг—ѕ«”;3516;ёж—’ж
1219;35;»жг—ѕ«”;3517;«жб«ѕ гж”м
1220;35;»жг—ѕ«”;3518;«б«—»ЏЎ«‘
1221;35;»жг—ѕ«”;3519;»ж“ё“… ёѕ«—…
1222;16;«бћ“«∆— «бЏ«’г…;1642;»—ћ «б»Ќ—н
1223;16;«бћ“«∆— «бЏ«’г…;1643;«бг—”м
1224;35;»жг—ѕ«”;3520; ж—ё…
1225;35;»жг—ѕ«”;3521;«жб«ѕ Џн”м
1226;35;»жг—ѕ«”;3522;»дн ‘жѕ
1227;35;»жг—ѕ«”;3523;ѕб”
1228;35;»жг—ѕ«”;3524;Џг«б
1229;35;»жг—ѕ«”;3525;»дн Џг—«д
1230;35;»жг—ѕ«”;3526;”жё «б«Ќѕ
1231;35;»жг—ѕ«”;3527;»ѕж«ж «б»Ќ—н
1232;35;»жг—ѕ«”;3528;«жб«ѕ еѕ«ћ
1233;16;«бћ“«∆— «бЏ«’г…;1639;е—«ж…
1234;35;»жг—ѕ«”;3529;бё«Ў…
1235;35;»жг—ѕ«”;3530;Ќг«ѕн
1236;35;»жг—ѕ«”;3531;ќгн” «бќ‘д…
1237;35;»жг—ѕ«”;3532;«бќ—ж»…
1238;36;«бЎ«—Ё;3601;«бЎ«—Ё
1239;36;«бЎ«—Ё;3602;»жЌћ«—
1240;36;«бЎ«—Ё;3603;«»д генѕн
1241;36;«бЎ«—Ё;3604;»жёж”
1242;36;«бЎ«—Ё;3605;«бё«б…
1243;36;«бЎ«—Ё;3606;Џнд «бЏ”б
1244;36;«бЎ«—Ё;3607;«бЏнжд
1245;36;«бЎ«—Ё;3608;»жЋбћ…
1246;36;«бЎ«—Ё;3609;«б”ж«—ќ
1247;36;«бЎ«—Ё;3610;»—Ќ«б
1248;36;«бЎ«—Ё;3611;»Ќн—… «бЎнж—
1249;36;«бЎ«—Ё;3612;«б‘«Ён…
1250;36;«бЎ«—Ё;3613;«б–—Џ«д
1251;36;«бЎ«—Ё;3614;‘е«дн
1252;36;«бЎ«—Ё;3615;‘»«нЎ… гќ «—
1253;36;«бЎ«—Ё;3616;«б»”»«”
1254;36;«бЎ«—Ё;3617;Џ’Ёж—
1255;36;«бЎ«—Ё;3618;»дн Џг«—
1256;36;«бЎ«—Ё;3619;“—н“—
1257;36;«бЎ«—Ё;3620;«б“н жд…
1258;36;«бЎ«—Ё;3621;Џнд «бя—г…
1259;36;«бЎ«—Ё;3622;ж«ѕн «б“н жд
1260;36;«бЎ«—Ё;3623;Ќг«г »д ’«бЌ
1261;36;«бЎ«—Ё;3624;—гб «б”жё
1262;37; ндѕжЁ;3701; ндѕжЁ
1263;37; ндѕжЁ;3702;«г «бЏ”б
1264;38; н”г”нб ;3801; н”г”нб 
1265;38; н”г”нб ;3802;»—ћ »ждЏ«г…
1266;38; н”г”нб ;3803;Ћдн… «бЌѕ
1267;38; н”г”нб ;3804;«б√“е—н…
1268;38; н”г”нб ;3805;»дн ‘Џн»
1269;38; н”г”нб ;3806;«б√—ћг
1270;38; н”г”нб ;3807;гбЏ»
1271;38; н”г”нб ;3808;”нѕн «бЏд —н
1272;38; н”г”нб ;3809;»—ћ «б«гн— Џ»ѕ «бё«ѕ
1273;38; н”г”нб ;3810;«бЏнжд
1274;38; н”г”нб ;3811;ќгн” н
1275;38; н”г”нб ;3812;«жб«ѕ »”«г
1276;38; н”г”нб ;3813;Џг«—н
1277;38; н”г”нб ;3814;ж«ѕн «бџ—ё…
1278;38; н”г”нб ;3815;”нѕн »ж ж‘д 
1279;38; н”г”нб ;3816;«б√—»Џ« 
1280;38; н”г”нб ;3817;«бгЏ«’г
1281;38; н”г”нб ;3818;”нѕн Џ«»ѕ
1282;38; н”г”нб ;3819; «гб«Ќ 
1283;38; н”г”нб ;3820;”нѕн ”бнг«д
1284;38; н”г”нб ;3821;»жё«нѕ
1285;38; н”г”нб ;3822;»дн «бЌ”д
1286;39;«бж«ѕн;3901;«бж«ѕн
1287;39;«бж«ѕн;3902;—»«Ќ
1288;39;«бж«ѕн;3903;ж«ѕн «бЏбдѕ…
1289;39;«бж«ѕн;3904;«б»н«÷…
1290;39;«бж«ѕн;3905;«бдќб…
1291;39;«бж«ѕн;3906;ёг«—
1292;39;«бж«ѕн;3907;яжнднд
1293;39;«бж«ѕн;3908;«б—ён»…
1294;39;«бж«ѕн;3909;Ќг—«н…
1295;39;«бж«ѕн;3910; «џ“ж 
1296;39;«бж«ѕн;3911;«бѕ»нб…
1297;39;«бж«ѕн;3912;Ќ”«дн Џ»ѕ «бя—нг
1298;39;«бж«ѕн;3913;Ќ«”н ќбнЁ…
1299;39;«бж«ѕн;3914;Ў«б» «бЏ—»н
1300;39;«бж«ѕн;3915;ѕж«— «бг« 
1301;39;«бж«ѕн;3916;”нѕн Џжд
1302;39;«бж«ѕн;3917; —нЁ«жн
1303;39;«бж«ѕн;3918;«бгё—д
1304;39;«бж«ѕн;3919;»дн ё‘…
1305;39;«бж«ѕн;3920;ж—г«”
1306;39;«бж«ѕн;3921;”Ўнб
1307;39;«бж«ѕн;3922;г—«—…
1308;39;«бж«ѕн;3923;”нѕн ќбнб
1309;39;«бж«ѕн;3924; дѕб…
1310;39;«бж«ѕн;3925;«бЏёб…
1311;39;«бж«ѕн;3926;гне жд”м
1312;39;«бж«ѕн;3927;«бгџн—
1313;39;«бж«ѕн;3928;ћ«гЏ…
1314;39;«бж«ѕн;3929;√г «бЎнж—
1315;39;«бж«ѕн;3930;”нѕн Џг—«д
1316;40;ќд‘б…;4001;ќд‘б…
1317;40;ќд‘б…;4002;г ж”Ў…
1318;40;ќд‘б…;4003;ё«н”
1319;40;ќд‘б…;4004;»џ«н
1320;40;ќд‘б…;4005;«бЌ«г…
1321;40;ќд‘б…;4006;Џнд «бЎжнб…
1322;40;ќд‘б…;4007; «ж“н«д 
1323;40;ќд‘б…;4008;»жЌг«г…
1324;40;ќд‘б…;4009;«бжбћ…
1325;40;ќд‘б…;4010;«б—нгб…
1326;40;ќд‘б…;4011;‘‘«—
1327;40;ќд‘б…;4012;ћб«б
1328;40;ќд‘б…;4013;»»«—
1329;40;ќд‘б…;4014; «г“…
1330;40;ќд‘б…;4015;«д”нџ…
1331;40;ќд‘б…;4016;√жб«ѕ —‘«‘
1332;40;ќд‘б…;4017;«бгЌгб
1333;40;ќд‘б…;4018;г’«—…
1334;40;ќд‘б…;4019;н«»ж”
1335;40;ќд‘б…;4020;ќн—«д
1336;40;ќд‘б…;4021;‘бн…
1337;41;”жё «е—«”;4101;”жё «е—«”
1338;41;”жё «е—«”;4102;”ѕ—« …
1339;41;”жё «е—«”;4103;«бЌд«д‘…
1340;41;”жё «е—«”;4104;г‘—жЌ…
1341;41;”жё «е—«”;4105;√жб«ѕ «ѕ—н”
1342;41;”жё «е—«”;4106; нЁ«‘
1343;41;”жё «е—«”;4107;«б“Џ—ж—н…
1344;41;”жё «е—«”;4108; «ж—…
1345;41;”жё «е—«”;4109;«бѕ—нЏ…
1346;41;”жё «е—«”;4110;«бЌѕ«ѕ…
1347;41;”жё «е—«”;4111;бќ÷«—…
1348;41;”жё «е—«”;4112;«бг—«ед…
1349;41;”жё «е—«”;4113;√жб«ѕ гжгд
1350;41;”жё «е—«”;4114;»∆— »жЌж‘
1351;41;”жё «е—«”;4115;гѕ«ж—ж‘
1352;41;”жё «е—«”;4116;√г «бЏў«нг
1353;41;”жё «е—«”;4117;Џнд «б“«д…
1354;41;”жё «е—«”;4118;Џнд «б”бЎ«д
1355;41;”жё «е—«”;4119;жнб«д
1356;41;”жё «е—«”;4120;”нѕн Ё—ћ
1357;41;”жё «е—«”;4121;”«Ёб «бжнѕ«д
1358;41;”жё «е—«”;4122;«б—ёж»…
1359;41;”жё «е—«”;4123;ќгн”…
1360;41;”жё «е—«”;4124;ж«ѕн «бя»—н 
1361;41;”жё «е—«”;4125; —ё«б 
1362;41;”жё «е—«”;4126;«б“ж«»н
1363;42; н»«“…;4201; н»«“…
1364;42; н»«“…;4202;гд«’—
1365;42; н»«“…;4203;«б«—е«Ў
1366;42; н»«“…;4204;ѕж«жѕ…
1367;42; н»«“…;4205;»ж—ёнё…
1368;42; н»«“…;4206;ќгн” н
1369;16;«бћ“«∆— «бЏ«’г…;1644;“—«бѕ…
1370;16;«бћ“«∆— «бЏ«’г…;1645;«б”Ќ«жб…
1371;16;«бћ“«∆— «бЏ«’г…;1646;«бгЌ«бг…
1372;42; н»«“…;4207;«џ»«б
1373;16;«бћ“«∆— «бЏ«’г…;1647;»«»«Ќ”д
1374;42; н»«“…;4208;ЌћжЎ
1375;42; н»«“…;4209;”нѕ Џ«г—
1376;42; н»«“…;4210;ёж—«н…
1377;42; н»«“…;4211;«бд«ўж—
1378;42; н»«“…;4212;«б‘Џн»…
1379;42; н»«“…;4213;Џнд  «ёж—«н 
1380;16;«бћ“«∆— «бЏ«’г…;1648;«бѕжн—…
1381;16;«бћ“«∆— «бЏ«’г…;1649;«бѕ—«—н…
1382;16;«бћ“«∆— «бЏ«’г…;1650;«б—Ќг«дн…
1383;16;«бћ“«∆— «бЏ«’г…;1651;«жб«ѕ Ё«н 
1384;42; н»«“…;4214;‘—‘«б
1385;42; н»«“…;4215;«бѕ«гж”
1386;42; н»«“…;4216;г—«ѕ
1387;42; н»«“…;4217;Ёжя…
1388;42; н»«“…;4218;»ж«”г«Џнб
1389;42; н»«“…;4219;√Ќг— «бЏнд
1390;16;«бћ“«∆— «бЏ«’г…;1652;«б‘—«ё…
1391;16;«бћ“«∆— «бЏ«’г…;1653;«”Ў«ж«бн
1392;42; н»«“…;4220;»же«—жд
1393;16;«бћ“«∆— «бЏ«’г…;1654;«бЏ«‘ж—
1394;42; н»«“…;4221;”нѕн џнб«”
1395;42; н»«“…;4222;г”бгжд
1396;42; н»«“…;4223;”нѕн —«‘ѕ
1397;42; н»«“…;4224;«бёбнЏ…
1398;42; н»«“…;4225;«бЌЎ«Ў»…
1399;16;«бћ“«∆— «бЏ«’г…;1655;«б”жнѕ«дн…
1400;16;«бћ“«∆— «бЏ«’г…;1656;«бќ—«н”н…
1401;16;«бћ“«∆— «бЏ«’г…;1657;Џнд «б»дн«д
1402;42; н»«“…;4226;”нѕн ”гн«д
1403;42; н»«“…;4227;»дн гнбя
1404;42; н»«“…;4228;Ќћ—… «бд’
1405;43;гнб…;4301;гнб…
1406;43;гнб…;4302;Ё—ћнж…
1407;43;гнб…;4303;‘бџжг «бЏнѕ
1408;43;гнб…;4304;ж«ѕ «бЏЋг«дн…
1409;43;гнб…;4305;Џнд гбжя
1410;43;гнб…;4306; б«џг…
1411;43;гнб…;4307;ж«ѕн ”ё«д
1412;43;гнб…;4308; «ћд«д 
1413;43;гнб…;4309;«»д нЌн Џ»ѕ «б—Ќг«д
1414;43;гнб…;4310;ж«ѕн «бдћ« 
1415;43;гнб…;4311;«Ќгѕ —«‘ѕн
1416;43;гнб…;4312;ж«ѕн ќбжЁ
1417;43;гнб…;4313; н»—ёд 
1418;43;гнб…;4314;»жЌ« г
1419;43;гнб…;4315;«б—ж«‘ѕ
1420;43;гнб…;4316; ”«б… «бгЎ«Џн
1421;43;гнб…;4317;ё—«—г ёжё…
1422;43;гнб…;4318;”нѕн г—ж«д
1423;43;гнб…;4319; ”«ѕ«д Ќѕ«ѕ…
1424;43;гнб…;4320;ѕ—«ћн »ж’«бЌ
1425;43;гнб…;4321;гнд«— “—“…
1426;43;гнб…;4322;Џгн—… «—«”
1427;43;гнб…;4323; —Џм »«нд« 
1428;43;гнб…;4324;Ќг«б…
1429;43;гнб…;4325;Џнд «б нд
1430;43;гнб…;4326;«бг‘н—…
1431;43;гнб…;4327;”нѕн ќбнЁ…
1432;43;гнб…;4328;«б“—џ«н…
1433;43;гнб…;4329;«бЏн«÷н »—»«”
1434;43;гнб…;4330;Џнд «б»н÷«  Ќ—н‘
1435;43;гнб…;4331;нЌн »д ё‘…
1436;43;гнб…;4332;«б‘нё«—…
1437;44;Џнд «бѕЁбм;4401;Џнд «бѕЁбм
1438;44;Џнд «бѕЁбм;4402;гбн«д…
1439;44;Џнд «бѕЁбм;4403;»жгѕЁЏ
1440;44;Џнд «бѕЁбм;4404;ќгн” гбн«д…
1441;44;Џнд «бѕЁбм;4405;Ќг«г —нџ…
1442;44;Џнд «бѕЁбм;4406;Џ—н»
1443;44;Џнд «бѕЁбм;4407;ћбнѕ…
1444;44;Џнд «бѕЁбм;4408;«бЏ«г—…
1445;44;Џнд «бѕЁбм;4409;»ж—«‘ѕ
1446;44;Џнд «бѕЁбм;4410;«бЏЎ«Ё
1447;44;Џнд «бѕЁбм;4411;«бЏ»«ѕн…
1448;44;Џнд «бѕЁбм;4412;ћдѕб
1449;44;Џнд «бѕЁбм;4413;ж«ѕн «б‘—Ё« 
1450;44;Џнд «бѕЁбм;4414;Џнд «б«‘н«ќ
1451;44;Џнд «бѕЁбм;4415;ж«ѕн ћгЏ…
1452;44;Џнд «бѕЁбм;4416;—жнд…
1453;44;Џнд «бѕЁбм;4417;“ѕнд
1454;44;Џнд «бѕЁбм;4418;«бЌ”дн…
1455;44;Џнд «бѕЁбм;4419;»∆— «жб«ѕ ќбнЁ…
1456;44;Џнд «бѕЁбм;4420;Џнд «б”бЎ«д
1457;44;Џнд «бѕЁбм;4421;Ў«—ё »д “н«ѕ
1458;44;Џнд «бѕЁбм;4422;»—ћ «б«гн— ќ«бѕ
1459;44;Џнд «бѕЁбм;4423;Џнд «б —я
1460;44;Џнд «бѕЁбм;4424;”нѕн «б«ќ÷—
1461;44;Џнд «бѕЁбм;4425;«»д Џб«б
1462;44;Џнд «бѕЁбм;4426;Џнд «б»дн«д
1463;44;Џнд «бѕЁбм;4427;«бЌ”ндн…
1464;44;Џнд «бѕЁбм;4428;»—»ж‘
1465;44;Џнд «бѕЁбм;4429;ћгЏ… «жб«ѕ «б‘нќ
1466;44;Џнд «бѕЁбм;4430;«бгќ «—н…
1467;44;Џнд «бѕЁбм;4431;»ЎЌн…
1468;44;Џнд «бѕЁбм;4432; ‘ … “ё«џ…
1469;44;Џнд «бѕЁбм;4433;Џнд »жнЌн
1470;44;Џнд «бѕЁбм;4434;«бг«нд
1471;44;Џнд «бѕЁбм;4435; »—я«днд
1472;44;Џнд «бѕЁбм;4436;»«бЏ«’
1473;45;«бдЏ«г…;4501;«бдЏ«г…
1474;45;«бдЏ«г…;4502;г‘—н…
1475;45;«бдЏ«г…;4503;Џнд «б’Ё—« 
1476;45;«бдЏ«г…;4504; нж 
1477;45;«бдЏ«г…;4505;”Ён”нЁ…
1478;45;«бдЏ«г…;4506;гџ—«—
1479;45;«бдЏ«г…;4507;Џ”б…
1480;45;«бдЏ«г…;4508;ћднд »ж—“ё
1481;45;«бдЏ«г…;4509;Џнд »д ќбнб
1482;45;«бдЏ«г…;4510;гягд »д Џг—ж
1483;45;«бдЏ«г…;4511;ё’ѕн—
1484;45;«бдЏ«г…;4512;«б»нж÷
1485;46;Џнд  гж‘д ;4601;Џнд  гж‘д 
1486;46;Џнд  гж‘д ;4602;‘Џ»… «ббЌг
1487;46;Џнд  гж‘д ;4603;Џнд «бянЌб
1488;46;Џнд  гж‘д ;4604;Ќг«г »жЌћ—
1489;46;Џнд  гж‘д ;4605;»ж“ћ«—
1490;46;Џнд  гж‘д ;4606;ж«ѕн »—ё‘
1491;46;Џнд  гж‘д ;4607;√џб«б
1492;46;Џнд  гж‘д ;4608; «—ё…
1493;46;Џнд  гж‘д ;4609;Џнд «б«—»Џ« 
1494;46;Џнд  гж‘д ;4610; «г“ж—…
1495;46;Џнд  гж‘д ;4611;‘д жЁ
1496;46;Џнд  гж‘д ;4612;”нѕн »д Џѕ…
1497;46;Џнд  гж‘д ;4613;Џё» «ббнб
1498;46;Џнд  гж‘д ;4614;«бг«бЌ
1499;46;Џнд  гж‘д ;4615;”нѕн »жгѕнд
1500;46;Џнд  гж‘д ;4616;ж«ѕн «б’»«Ќ
1501;46;Џнд  гж‘д ;4617;√жб«ѕ »жћгЏ…
1502;46;Џнд  гж‘д ;4618;Џнд «бЎб»…
1503;46;Џнд  гж‘д ;4619;«бЏ«г—н…
1504;46;Џнд  гж‘д ;4620;Ќ«”н «бџб…
1505;46;Џнд  гж‘д ;4621;«бЌ”«”д…
1506;46;Џнд  гж‘д ;4622;«жб«ѕ янЌб
1507;46;Џнд  гж‘д ;4623;»дн ’«Ё
1508;46;Џнд  гж‘д ;4624;”нѕн «б’«Ён
1509;46;Џнд  гж‘д ;4625;жбе«’…
1510;46;Џнд  гж‘д ;4626; «ѕг«н 
1511;46;Џнд  гж‘д ;4627;«б√гн— Џ»ѕ «бё«ѕ—
1512;46;Џнд  гж‘д ;4628;«бг”«Џнѕ
1513;47;џ—ѕ«н…;4701;џ—ѕ«н…
1514;47;џ—ѕ«н…;4702;«бгднЏ…
1515;47;џ—ѕ«н…;4703;÷«н… »д ÷Ќж…
1516;47;џ—ѕ«н…;4704;»—н«д
1517;47;џ—ѕ«н…;4705;г бнбн
1518;47;џ—ѕ«н…;4706;«бё—«—…
1519;47;џ—ѕ«н…;4707;«бЏЎЁ
1520;47;џ—ѕ«н…;4708;“бЁ«д…
1521;47;џ—ѕ«н…;4709;”»”»
1522;47;џ—ѕ«н…;4710;»ждж—…
1523;47;џ—ѕ«н…;4711;Ќ«”н «бЁЌб
1524;47;џ—ѕ«н…;4712;Ќ«”н «бё«—…
1525;47;џ—ѕ«н…;4713;«бгд’ж—…
1526;48;џбн“«д;4801;џбн“«д
1527;48;џбн“«д;4802;ж«ѕн —енж
1528;48;џбн“«д;4803;»бЏ”б »ж“ё“…
1529;48;џбн“«д;4804;”нѕн ”Џ«ѕ…
1530;48;џбн“«д;4805;«жб«ѕ Џн‘
1531;48;џбн“«д;4806;”нѕн б“—ё
1532;48;џбн“«д;4807;«бЌг«ѕд…
1533;48;џбн“«д;4808;”нѕн гЌгѕ »д Џбн
1534;48;џбн“«д;4809;гѕнжд…
1535;48;џбн“«д;4810;”нѕн ќЎ«»
1536;48;џбн“«д;4811;Џгн гж”м
1537;48;џбн“«д;4812;“гж—…
1538;48;џбн“«д;4813;»дн ѕ—ёд
1539;48;џбн“«д;4814;ћѕнжн…
1540;48;џбн“«д;4815;«бёЎ«—
1541;48;џбн“«д;4816;«бЌг—н
1542;48;џбн“«д;4817;«бгЎг—
1543;48;џбн“«д;4818;”нѕн гЌгѕ »д Џжѕ…
1544;48;џбн“«д;4819;Џнд Ў«—ё
1545;48;џбн“«д;4820;ж«ѕн «б”б«г
1546;48;џбн“«д;4821;ж—“«д
1547;48;џбн“«д;4822;г«“жд…
1548;48;џбн“«д;4823;«бёбЏ…
1549;48;џбн“«д;4824;Џнд «б—Ќг…
1550;48;џбн“«д;4825;нбб
1551;48;џбн“«д;4826;ж«ѕн «бћгЏ…
1552;48;џбн“«д;4827;«б—гя…
1553;48;џбн“«д;4828;гдѕ«”
1554;48;џбн“«д;4829;бЌб«Ё
1555;48;џбн“«д;4830;»дн “дЎн”
1556;48;џбн“«д;4831;”жё «б«Ќѕ
1557;48;џбн“«д;4832;ѕ«— »д Џ»ѕ«ббе
1558;48;џбн“«д;4833;«бЌ«”н
1559;48;џбн“«д;4834;Ќѕ«б‘я«б…
1560;48;џбн“«д;4835;»д ѕ«жѕ
1561;48;џбн“«д;4836;«бжбћ…
1562;48;џбн“«д;4837;г—ћ… ”нѕн Џ«»ѕ
1563;48;џбн“«д;4838;√жб«ѕ ”нѕн гнеж»
